33-333-3,07/31/2013 23:00:00,0.00,124.2,125.4,-0.003
33-333-3,07/31/2013 22:00:00,0.00,124.2,125.2,-0.003
33-333-3,07/31/2013 21:00:00,0.00,124.1,125.3,-0.003
33-333-3,07/31/2013 20:00:00,0.00,123.2,124.7,-0.006
33-333-3,07/31/2013 19:00:00,0.00,123.1,124.9,-0.060
33-333-3,07/31/2013 18:00:00,-0.08,122.8,123.8,-1.162
33-333-3,07/31/2013 17:00:00,-0.19,122.4,123.0,-2.652
33-333-3,07/31/2013 16:00:00,-0.20,122.8,123.6,-2.805
33-333-3,07/31/2013 15:00:00,-0.11,122.4,123.7,-1.571
33-333-3,07/31/2013 14:00:00,-0.35,123.0,124.4,-4.721
33-333-3,07/31/2013 13:00:00,-0.43,123.9,125.2,-5.743
33-333-3,07/31/2013 12:00:00,-0.45,123.5,124.2,-5.971
33-333-3,07/31/2013 11:00:00,-0.42,123.4,124.7,-5.605
33-333-3,07/31/2013 10:00:00,-0.37,123.9,125.0,-4.941
33-333-3,07/31/2013 09:00:00,-0.29,124.4,125.3,-3.924
33-333-3,07/31/2013 08:00:00,-0.17,123.7,125.5,-2.353
33-333-3,07/31/2013 07:00:00,-0.03,123.7,124.8,-0.480
33-333-3,07/31/2013 06:00:00,0.00,124.6,125.1,-0.116
33-333-3,07/31/2013 05:00:00,0.00,124.6,125.9,-0.003
33-333-3,07/31/2013 04:00:00,0.00,125.5,125.8,-0.003
33-333-3,07/31/2013 03:00:00,0.00,125.3,125.7,-0.003
33-333-3,07/31/2013 02:00:00,0.00,125.2,125.7,-0.003
33-333-3,07/31/2013 01:00:00,0.00,124.5,125.3,-0.003
33-333-3,07/31/2013 00:00:00,0.00,124.4,124.9,-0.003
33-333-3,07/30/2013 23:00:00,0.00,124.7,125.5,-0.003
33-333-3,07/30/2013 22:00:00,0.00,124.2,125.2,-0.003
33-333-3,07/30/2013 21:00:00,0.00,123.9,125.2,-0.003
33-333-3,07/30/2013 20:00:00,0.00,124.6,125.2,-0.006
33-333-3,07/30/2013 19:00:00,0.00,123.9,125.4,-0.113
33-333-3,07/30/2013 18:00:00,-0.01,123.7,124.7,-0.280
33-333-3,07/30/2013 17:00:00,-0.18,122.6,123.7,-2.495
33-333-3,07/30/2013 16:00:00,-0.30,123.0,124.1,-4.029
33-333-3,07/30/2013 15:00:00,-0.38,123.3,123.7,-5.042
33-333-3,07/30/2013 14:00:00,-0.43,123.5,124.5,-5.697
33-333-3,07/30/2013 13:00:00,-0.45,123.8,124.5,-6.029
33-333-3,07/30/2013 12:00:00,-0.45,123.5,124.7,-5.977
33-333-3,07/30/2013 11:00:00,-0.42,123.9,125.3,-5.646
33-333-3,07/30/2013 10:00:00,-0.37,124.1,124.9,-4.980
33-333-3,07/30/2013 09:00:00,-0.29,123.8,124.9,-3.937
33-333-3,07/30/2013 08:00:00,-0.18,123.9,124.4,-2.415
33-333-3,07/30/2013 07:00:00,-0.03,123.8,124.7,-0.556
33-333-3,07/30/2013 06:00:00,0.00,124.1,124.6,-0.084
33-333-3,07/30/2013 05:00:00,0.00,124.5,124.9,-0.003
33-333-3,07/30/2013 04:00:00,0.00,124.8,125.1,-0.003
33-333-3,07/30/2013 03:00:00,0.00,124.8,125.1,-0.003
33-333-3,07/30/2013 02:00:00,0.00,124.7,125.7,-0.003
33-333-3,07/30/2013 01:00:00,0.00,125.2,125.6,-0.003
33-333-3,07/30/2013 00:00:00,0.00,124.9,125.5,-0.003
33-333-3,07/29/2013 23:00:00,0.00,124.8,125.6,-0.003
33-333-3,07/29/2013 22:00:00,0.00,124.2,125.4,-0.003
33-333-3,07/29/2013 21:00:00,0.00,124.3,125.3,-0.003
33-333-3,07/29/2013 20:00:00,0.00,124.2,124.7,-0.003
33-333-3,07/29/2013 19:00:00,0.00,123.9,124.8,-0.129
33-333-3,07/29/2013 18:00:00,-0.05,123.8,124.7,-0.814
33-333-3,07/29/2013 17:00:00,-0.07,123.9,124.3,-0.999
33-333-3,07/29/2013 16:00:00,-0.20,124.1,125.1,-2.807
33-333-3,07/29/2013 15:00:00,-0.10,123.9,124.5,-1.457
33-333-3,07/29/2013 14:00:00,-0.11,124.0,124.5,-1.631
33-333-3,07/29/2013 13:00:00,-0.09,123.7,124.5,-1.302
33-333-3,07/29/2013 12:00:00,-0.15,123.6,124.7,-2.053
33-333-3,07/29/2013 11:00:00,-0.22,123.5,124.4,-2.983
33-333-3,07/29/2013 10:00:00,-0.23,123.5,124.5,-3.166
33-333-3,07/29/2013 09:00:00,-0.12,124.0,124.6,-1.687
33-333-3,07/29/2013 08:00:00,-0.06,124.5,124.7,-0.972
33-333-3,07/29/2013 07:00:00,-0.03,124.5,124.9,-0.536
33-333-3,07/29/2013 06:00:00,-0.01,124.6,125.1,-0.249
33-333-3,07/29/2013 05:00:00,0.00,125.1,125.4,-0.003
33-333-3,07/29/2013 04:00:00,0.00,125.2,125.5,-0.003
33-333-3,07/29/2013 03:00:00,0.00,125.3,125.5,-0.003
33-333-3,07/29/2013 02:00:00,0.00,125.2,125.5,-0.003
33-333-3,07/29/2013 01:00:00,0.00,124.9,125.2,-0.003
33-333-3,07/29/2013 00:00:00,0.00,124.9,125.5,-0.003
33-333-3,07/28/2013 23:00:00,0.00,124.5,125.5,-0.003
33-333-3,07/28/2013 22:00:00,0.00,123.8,125.3,-0.003
33-333-3,07/28/2013 21:00:00,0.00,123.5,124.3,-0.003
33-333-3,07/28/2013 20:00:00,0.00,123.2,124.0,-0.003
33-333-3,07/28/2013 19:00:00,-0.01,123.2,124.0,-0.263
33-333-3,07/28/2013 18:00:00,-0.08,122.7,123.7,-1.117
33-333-3,07/28/2013 17:00:00,-0.19,122.9,123.8,-2.563
33-333-3,07/28/2013 16:00:00,-0.13,123.1,123.8,-1.791
33-333-3,07/28/2013 15:00:00,-0.19,123.5,124.1,-2.551
33-333-3,07/28/2013 14:00:00,-0.23,123.1,124.1,-3.071
33-333-3,07/28/2013 13:00:00,-0.30,123.3,124.3,-4.076
33-333-3,07/28/2013 12:00:00,-0.22,123.3,124.6,-3.064
33-333-3,07/28/2013 11:00:00,-0.14,123.9,124.7,-1.950
33-333-3,07/28/2013 10:00:00,-0.07,122.9,124.5,-1.041
33-333-3,07/28/2013 09:00:00,-0.06,123.0,124.3,-0.976
33-333-3,07/28/2013 08:00:00,-0.03,124.1,124.5,-0.477
33-333-3,07/28/2013 07:00:00,-0.01,124.4,125.0,-0.290
33-333-3,07/28/2013 06:00:00,0.00,125.0,125.3,-0.107
33-333-3,07/28/2013 05:00:00,0.00,124.7,125.1,-0.003
33-333-3,07/28/2013 04:00:00,0.00,124.6,124.9,-0.003
33-333-3,07/28/2013 03:00:00,0.00,124.5,124.7,-0.003
33-333-3,07/28/2013 02:00:00,0.00,124.2,124.6,-0.003
33-333-3,07/28/2013 01:00:00,0.00,123.9,124.4,-0.003
33-333-3,07/28/2013 00:00:00,0.00,123.5,124.1,-0.003
33-333-3,07/27/2013 23:00:00,0.00,123.4,125.4,-0.003
33-333-3,07/27/2013 22:00:00,0.00,124.0,125.1,-0.003
33-333-3,07/27/2013 21:00:00,0.00,123.8,124.8,-0.003
33-333-3,07/27/2013 20:00:00,0.00,123.5,124.6,-0.003
33-333-3,07/27/2013 19:00:00,0.00,123.7,125.1,-0.078
33-333-3,07/27/2013 18:00:00,-0.02,123.4,124.7,-0.401
33-333-3,07/27/2013 17:00:00,-0.11,122.4,123.4,-1.549
33-333-3,07/27/2013 16:00:00,-0.21,122.0,123.3,-2.892
33-333-3,07/27/2013 15:00:00,-0.34,122.6,123.5,-4.535
33-333-3,07/27/2013 14:00:00,-0.42,122.6,124.0,-5.651
33-333-3,07/27/2013 13:00:00,-0.43,122.8,124.2,-5.753
33-333-3,07/27/2013 12:00:00,-0.37,122.9,123.9,-4.997
33-333-3,07/27/2013 11:00:00,-0.39,123.1,124.6,-5.230
33-333-3,07/27/2013 10:00:00,-0.30,124.1,124.9,-4.056
33-333-3,07/27/2013 09:00:00,-0.27,123.8,124.6,-3.634
33-333-3,07/27/2013 08:00:00,-0.17,123.4,124.8,-2.327
33-333-3,07/27/2013 07:00:00,-0.04,123.9,124.2,-0.608
33-333-3,07/27/2013 06:00:00,0.00,124.2,124.9,-0.119
33-333-3,07/27/2013 05:00:00,0.00,124.7,125.7,-0.003
33-333-3,07/27/2013 04:00:00,0.00,125.1,125.3,-0.003
33-333-3,07/27/2013 03:00:00,0.00,125.0,125.4,-0.003
33-333-3,07/27/2013 02:00:00,0.00,125.0,125.7,-0.003
33-333-3,07/27/2013 01:00:00,0.00,124.9,125.3,-0.003
33-333-3,07/27/2013 00:00:00,0.00,124.5,125.6,-0.003
33-333-3,07/26/2013 23:00:00,0.00,124.1,125.4,-0.003
33-333-3,07/26/2013 22:00:00,0.00,124.5,125.3,-0.003
33-333-3,07/26/2013 21:00:00,0.00,123.4,124.8,-0.003
33-333-3,07/26/2013 20:00:00,0.00,123.2,123.9,-0.005
33-333-3,07/26/2013 19:00:00,-0.01,122.4,124.1,-0.198
33-333-3,07/26/2013 18:00:00,-0.08,122.9,123.6,-1.156
33-333-3,07/26/2013 17:00:00,-0.09,123.0,123.6,-1.344
33-333-3,07/26/2013 16:00:00,-0.22,122.4,123.9,-3.056
33-333-3,07/26/2013 15:00:00,-0.19,123.0,124.2,-2.596
33-333-3,07/26/2013 14:00:00,-0.31,123.1,123.7,-4.145
33-333-3,07/26/2013 13:00:00,-0.40,122.8,124.2,-5.356
33-333-3,07/26/2013 12:00:00,-0.40,122.9,124.3,-5.293
33-333-3,07/26/2013 11:00:00,-0.42,123.5,124.5,-5.603
33-333-3,07/26/2013 10:00:00,-0.37,124.3,124.9,-5.002
33-333-3,07/26/2013 09:00:00,-0.29,123.1,125.0,-3.930
33-333-3,07/26/2013 08:00:00,-0.18,122.8,124.7,-2.435
33-333-3,07/26/2013 07:00:00,-0.04,123.2,123.6,-0.613
33-333-3,07/26/2013 06:00:00,0.00,123.3,123.9,-0.124
33-333-3,07/26/2013 05:00:00,0.00,123.7,124.6,-0.003
33-333-3,07/26/2013 04:00:00,0.00,124.4,124.7,-0.003
33-333-3,07/26/2013 03:00:00,0.00,123.9,124.7,-0.003
33-333-3,07/26/2013 02:00:00,0.00,123.8,125.5,-0.003
33-333-3,07/26/2013 01:00:00,0.00,124.6,125.5,-0.003
33-333-3,07/26/2013 00:00:00,0.00,124.9,125.4,-0.003
33-333-3,07/25/2013 23:00:00,0.00,124.1,125.4,-0.003
33-333-3,07/25/2013 22:00:00,0.00,124.0,125.3,-0.003
33-333-3,07/25/2013 21:00:00,0.00,124.1,124.6,-0.002
33-333-3,07/25/2013 20:00:00,0.00,124.0,125.1,-0.011
33-333-3,07/25/2013 19:00:00,-0.01,124.5,125.0,-0.242
33-333-3,07/25/2013 18:00:00,-0.04,123.7,125.1,-0.681
33-333-3,07/25/2013 17:00:00,-0.14,124.0,125.4,-1.978
33-333-3,07/25/2013 16:00:00,-0.14,124.7,125.9,-1.953
33-333-3,07/25/2013 15:00:00,-0.03,123.7,125.0,-0.462
33-333-3,07/25/2013 14:00:00,-0.19,123.1,124.2,-2.568
33-333-3,07/25/2013 13:00:00,-0.37,123.1,123.9,-5.003
33-333-3,07/25/2013 12:00:00,-0.45,123.9,124.6,-6.002
33-333-3,07/25/2013 11:00:00,-0.16,123.2,124.7,-2.271
33-333-3,07/25/2013 10:00:00,-0.14,123.2,124.2,-1.942
33-333-3,07/25/2013 09:00:00,-0.15,123.5,124.4,-2.109
33-333-3,07/25/2013 08:00:00,-0.06,124.2,124.4,-0.910
33-333-3,07/25/2013 07:00:00,-0.05,124.4,125.0,-0.804
33-333-3,07/25/2013 06:00:00,0.00,124.5,125.1,-0.182
33-333-3,07/25/2013 05:00:00,0.00,124.6,125.3,-0.003
33-333-3,07/25/2013 04:00:00,0.00,124.7,125.1,-0.003
33-333-3,07/25/2013 03:00:00,0.00,124.8,125.2,-0.003
33-333-3,07/25/2013 02:00:00,0.00,124.8,125.6,-0.003
33-333-3,07/25/2013 01:00:00,0.00,124.8,125.5,-0.003
33-333-3,07/25/2013 00:00:00,0.00,123.9,124.9,-0.003
33-333-3,07/24/2013 23:00:00,0.00,124.4,125.3,-0.004
33-333-3,07/24/2013 22:00:00,0.00,124.2,125.1,-0.003
33-333-3,07/24/2013 21:00:00,0.00,123.3,125.0,-0.003
33-333-3,07/24/2013 20:00:00,0.00,122.2,123.9,-0.003
33-333-3,07/24/2013 19:00:00,0.00,122.9,124.2,-0.048
33-333-3,07/24/2013 18:00:00,-0.06,122.4,123.7,-0.862
33-333-3,07/24/2013 17:00:00,-0.22,123.3,124.5,-2.998
33-333-3,07/24/2013 16:00:00,-0.14,123.8,125.3,-1.909
33-333-3,07/24/2013 15:00:00,-0.02,123.4,124.6,-0.355
33-333-3,07/24/2013 14:00:00,-0.01,123.4,124.9,-0.259
33-333-3,07/24/2013 13:00:00,-0.06,123.0,124.0,-0.930
33-333-3,07/24/2013 12:00:00,-0.28,122.1,123.7,-3.838
33-333-3,07/24/2013 11:00:00,-0.37,122.5,124.3,-4.993
33-333-3,07/24/2013 10:00:00,-0.32,123.0,125.0,-4.319
33-333-3,07/24/2013 09:00:00,-0.24,123.1,124.1,-3.328
33-333-3,07/24/2013 08:00:00,-0.15,123.0,124.1,-2.127
33-333-3,07/24/2013 07:00:00,-0.04,122.9,124.2,-0.699
33-333-3,07/24/2013 06:00:00,-0.01,124.2,125.2,-0.256
33-333-3,07/24/2013 05:00:00,0.00,124.5,125.0,-0.004
33-333-3,07/24/2013 04:00:00,0.00,124.9,125.2,-0.003
33-333-3,07/24/2013 03:00:00,0.00,124.6,125.2,-0.003
33-333-3,07/24/2013 02:00:00,0.00,124.2,124.7,-0.003
33-333-3,07/24/2013 01:00:00,0.00,124.3,125.1,-0.003
33-333-3,07/24/2013 00:00:00,0.00,124.0,125.0,-0.004
33-333-3,07/23/2013 23:00:00,0.00,124.2,125.0,-0.003
33-333-3,07/23/2013 22:00:00,0.00,122.9,124.4,-0.003
33-333-3,07/23/2013 21:00:00,0.00,121.8,124.4,-0.003
33-333-3,07/23/2013 20:00:00,0.00,122.7,124.2,-0.009
33-333-3,07/23/2013 19:00:00,-0.01,122.9,124.4,-0.273
33-333-3,07/23/2013 18:00:00,-0.06,123.0,124.1,-0.893
33-333-3,07/23/2013 17:00:00,-0.18,122.1,123.4,-2.454
33-333-3,07/23/2013 16:00:00,-0.29,122.1,123.4,-3.905
33-333-3,07/23/2013 15:00:00,-0.38,122.6,124.2,-5.040
33-333-3,07/23/2013 14:00:00,-0.42,123.3,125.0,-5.614
33-333-3,07/23/2013 13:00:00,-0.45,123.1,124.4,-6.046
33-333-3,07/23/2013 12:00:00,-0.46,123.0,124.1,-6.079
33-333-3,07/23/2013 11:00:00,-0.43,123.5,124.2,-5.721
33-333-3,07/23/2013 10:00:00,-0.37,123.6,124.6,-4.910
33-333-3,07/23/2013 09:00:00,-0.29,123.3,124.5,-3.918
33-333-3,07/23/2013 08:00:00,-0.18,123.4,125.1,-2.423
33-333-3,07/23/2013 07:00:00,-0.03,123.4,124.3,-0.570
33-333-3,07/23/2013 06:00:00,-0.01,124.2,124.6,-0.181
33-333-3,07/23/2013 05:00:00,0.00,124.1,124.7,-0.004
33-333-3,07/23/2013 04:00:00,0.00,124.1,124.7,-0.003
33-333-3,07/23/2013 03:00:00,0.00,124.3,124.6,-0.003
33-333-3,07/23/2013 02:00:00,0.00,124.2,125.4,-0.003
33-333-3,07/23/2013 01:00:00,0.00,124.7,125.2,-0.003
33-333-3,07/23/2013 00:00:00,0.00,124.0,125.1,-0.003
33-333-3,07/22/2013 23:00:00,0.00,123.9,125.1,-0.003
33-333-3,07/22/2013 22:00:00,0.00,123.6,125.0,-0.003
33-333-3,07/22/2013 21:00:00,0.00,122.9,124.7,-0.003
33-333-3,07/22/2013 20:00:00,0.00,123.1,124.2,-0.010
33-333-3,07/22/2013 19:00:00,0.00,122.6,123.6,-0.184
33-333-3,07/22/2013 18:00:00,-0.07,122.1,123.5,-1.107
33-333-3,07/22/2013 17:00:00,-0.18,122.3,123.2,-2.475
33-333-3,07/22/2013 16:00:00,-0.29,122.1,123.9,-3.959
33-333-3,07/22/2013 15:00:00,-0.37,121.8,123.4,-4.998
33-333-3,07/22/2013 14:00:00,-0.42,122.2,123.7,-5.666
33-333-3,07/22/2013 13:00:00,-0.45,122.5,123.6,-5.969
33-333-3,07/22/2013 12:00:00,-0.45,122.4,123.7,-5.930
33-333-3,07/22/2013 11:00:00,-0.38,122.2,123.9,-5.142
33-333-3,07/22/2013 10:00:00,-0.32,122.9,124.1,-4.285
33-333-3,07/22/2013 09:00:00,-0.22,123.0,124.1,-2.990
33-333-3,07/22/2013 08:00:00,-0.15,123.3,124.2,-2.127
33-333-3,07/22/2013 07:00:00,-0.04,123.6,124.4,-0.594
33-333-3,07/22/2013 06:00:00,0.00,124.3,125.2,-0.181
33-333-3,07/22/2013 05:00:00,0.00,124.1,124.7,-0.004
33-333-3,07/22/2013 04:00:00,0.00,124.0,124.6,-0.003
33-333-3,07/22/2013 03:00:00,0.00,124.1,125.3,-0.003
33-333-3,07/22/2013 02:00:00,0.00,124.6,125.1,-0.003
33-333-3,07/22/2013 01:00:00,0.00,124.3,125.1,-0.003
33-333-3,07/22/2013 00:00:00,0.00,123.8,124.7,-0.003
33-333-3,07/21/2013 23:00:00,0.00,123.7,124.9,-0.003
33-333-3,07/21/2013 22:00:00,0.00,124.1,125.1,-0.003
33-333-3,07/21/2013 21:00:00,0.00,123.9,125.0,-0.003
33-333-3,07/21/2013 20:00:00,0.00,123.3,124.6,-0.009
33-333-3,07/21/2013 19:00:00,0.00,122.8,123.9,-0.191
33-333-3,07/21/2013 18:00:00,-0.08,122.3,123.5,-1.109
33-333-3,07/21/2013 17:00:00,-0.20,122.0,123.7,-2.691
33-333-3,07/21/2013 16:00:00,-0.27,122.8,124.0,-3.658
33-333-3,07/21/2013 15:00:00,-0.37,122.3,124.0,-4.942
33-333-3,07/21/2013 14:00:00,-0.43,122.7,123.8,-5.663
33-333-3,07/21/2013 13:00:00,-0.45,123.0,124.1,-6.045
33-333-3,07/21/2013 12:00:00,-0.45,122.4,123.6,-6.050
33-333-3,07/21/2013 11:00:00,-0.43,122.9,124.7,-5.723
33-333-3,07/21/2013 10:00:00,-0.38,123.6,124.6,-5.057
33-333-3,07/21/2013 09:00:00,-0.30,123.5,124.8,-4.030
33-333-3,07/21/2013 08:00:00,-0.18,123.5,124.7,-2.512
33-333-3,07/21/2013 07:00:00,-0.04,123.8,124.7,-0.599
33-333-3,07/21/2013 06:00:00,0.00,124.7,125.1,-0.118
33-333-3,07/21/2013 05:00:00,0.00,124.7,125.6,-0.003
33-333-3,07/21/2013 04:00:00,0.00,125.1,125.5,-0.003
33-333-3,07/21/2013 03:00:00,0.00,125.0,125.4,-0.003
33-333-3,07/21/2013 02:00:00,0.00,124.9,125.6,-0.003
33-333-3,07/21/2013 01:00:00,0.00,124.5,125.3,-0.003
33-333-3,07/21/2013 00:00:00,0.00,124.5,125.6,-0.003
33-333-3,07/20/2013 23:00:00,0.00,124.3,125.4,-0.003
33-333-3,07/20/2013 22:00:00,0.00,124.1,125.2,-0.003
33-333-3,07/20/2013 21:00:00,0.00,124.0,125.2,-0.003
33-333-3,07/20/2013 20:00:00,0.00,123.5,124.6,-0.049
33-333-3,07/20/2013 19:00:00,-0.01,122.8,124.8,-0.262
33-333-3,07/20/2013 18:00:00,-0.09,123.5,124.8,-1.332
33-333-3,07/20/2013 17:00:00,-0.22,123.4,124.9,-2.948
33-333-3,07/20/2013 16:00:00,-0.22,123.5,124.3,-2.997
33-333-3,07/20/2013 15:00:00,-0.26,122.9,124.2,-3.549
33-333-3,07/20/2013 14:00:00,-0.42,122.5,123.7,-5.576
33-333-3,07/20/2013 13:00:00,-0.45,123.0,123.9,-5.954
33-333-3,07/20/2013 12:00:00,-0.44,122.7,123.8,-5.895
33-333-3,07/20/2013 11:00:00,-0.42,123.1,124.1,-5.557
33-333-3,07/20/2013 10:00:00,-0.36,123.3,124.5,-4.883
33-333-3,07/20/2013 09:00:00,-0.29,123.7,124.7,-3.864
33-333-3,07/20/2013 08:00:00,-0.18,123.6,124.6,-2.444
33-333-3,07/20/2013 07:00:00,-0.03,123.4,124.6,-0.571
33-333-3,07/20/2013 06:00:00,0.00,124.5,125.7,-0.107
33-333-3,07/20/2013 05:00:00,0.00,125.2,125.6,-0.004
33-333-3,07/20/2013 04:00:00,0.00,125.0,125.3,-0.003
33-333-3,07/20/2013 03:00:00,0.00,124.9,125.5,-0.003
33-333-3,07/20/2013 02:00:00,0.00,124.8,125.3,-0.003
33-333-3,07/20/2013 01:00:00,0.00,124.5,125.0,-0.003
33-333-3,07/20/2013 00:00:00,0.00,124.2,125.3,-0.003
33-333-3,07/19/2013 23:00:00,0.00,124.3,125.1,-0.003
33-333-3,07/19/2013 22:00:00,0.00,124.0,125.1,-0.003
33-333-3,07/19/2013 21:00:00,0.00,123.2,125.0,-0.003
33-333-3,07/19/2013 20:00:00,0.00,124.2,125.0,-0.007
33-333-3,07/19/2013 19:00:00,-0.01,123.7,124.8,-0.204
33-333-3,07/19/2013 18:00:00,-0.08,123.2,124.5,-1.115
33-333-3,07/19/2013 17:00:00,-0.19,123.0,123.8,-2.650
33-333-3,07/19/2013 16:00:00,-0.27,122.9,123.8,-3.690
33-333-3,07/19/2013 15:00:00,-0.35,122.2,124.1,-4.721
33-333-3,07/19/2013 14:00:00,-0.24,121.9,124.5,-3.264
33-333-3,07/19/2013 13:00:00,-0.44,122.9,124.4,-5.929
33-333-3,07/19/2013 12:00:00,-0.33,122.7,124.1,-4.445
33-333-3,07/19/2013 11:00:00,-0.34,122.8,124.3,-4.601
33-333-3,07/19/2013 10:00:00,-0.15,123.0,124.4,-2.108
33-333-3,07/19/2013 09:00:00,-0.22,123.1,124.2,-2.945
33-333-3,07/19/2013 08:00:00,-0.07,123.1,124.1,-1.087
33-333-3,07/19/2013 07:00:00,-0.06,123.6,124.3,-0.916
33-333-3,07/19/2013 06:00:00,0.00,124.0,124.6,-0.147
33-333-3,07/19/2013 05:00:00,0.00,124.4,125.0,-0.003
33-333-3,07/19/2013 04:00:00,0.00,124.9,125.7,-0.003
33-333-3,07/19/2013 03:00:00,0.00,125.2,125.6,-0.003
33-333-3,07/19/2013 02:00:00,0.00,124.8,125.4,-0.003
33-333-3,07/19/2013 01:00:00,0.00,124.8,125.1,-0.003
33-333-3,07/19/2013 00:00:00,0.00,124.4,125.5,-0.003
33-333-3,07/18/2013 23:00:00,0.00,124.5,125.4,-0.003
33-333-3,07/18/2013 22:00:00,0.00,124.0,125.3,-0.003
33-333-3,07/18/2013 21:00:00,0.00,123.9,124.9,-0.003
33-333-3,07/18/2013 20:00:00,0.00,123.3,124.1,-0.004
33-333-3,07/18/2013 19:00:00,-0.01,121.9,124.5,-0.212
33-333-3,07/18/2013 18:00:00,-0.04,123.8,124.8,-0.603
33-333-3,07/18/2013 17:00:00,-0.20,123.1,124.1,-2.678
33-333-3,07/18/2013 16:00:00,-0.30,123.1,125.2,-4.063
33-333-3,07/18/2013 15:00:00,-0.36,122.2,123.7,-4.801
33-333-3,07/18/2013 14:00:00,-0.42,123.0,123.9,-5.537
33-333-3,07/18/2013 13:00:00,-0.44,123.0,123.9,-5.850
33-333-3,07/18/2013 12:00:00,-0.44,122.8,124.0,-5.885
33-333-3,07/18/2013 11:00:00,-0.42,123.7,124.8,-5.582
33-333-3,07/18/2013 10:00:00,-0.36,123.3,125.7,-4.884
33-333-3,07/18/2013 09:00:00,-0.28,123.4,124.5,-3.834
33-333-3,07/18/2013 08:00:00,-0.18,124.2,124.9,-2.425
33-333-3,07/18/2013 07:00:00,-0.03,123.5,125.0,-0.579
33-333-3,07/18/2013 06:00:00,0.00,124.5,125.2,-0.113
33-333-3,07/18/2013 05:00:00,0.00,124.9,125.3,-0.005
33-333-3,07/18/2013 04:00:00,0.00,125.2,125.5,-0.003
33-333-3,07/18/2013 03:00:00,0.00,124.8,125.3,-0.003
33-333-3,07/18/2013 02:00:00,0.00,124.7,125.1,-0.003
33-333-3,07/18/2013 01:00:00,0.00,124.8,125.6,-0.003
33-333-3,07/18/2013 00:00:00,0.00,124.3,125.0,-0.003
33-333-3,07/17/2013 23:00:00,0.00,123.8,124.7,-0.003
33-333-3,07/17/2013 22:00:00,0.00,123.1,125.2,-0.003
33-333-3,07/17/2013 21:00:00,0.00,123.6,124.9,-0.003
33-333-3,07/17/2013 20:00:00,0.00,123.7,124.9,-0.007
33-333-3,07/17/2013 19:00:00,0.00,123.5,124.6,-0.162
33-333-3,07/17/2013 18:00:00,-0.08,123.5,124.8,-1.117
33-333-3,07/17/2013 17:00:00,-0.20,123.0,124.2,-2.770
33-333-3,07/17/2013 16:00:00,-0.31,122.6,123.7,-4.134
33-333-3,07/17/2013 15:00:00,-0.39,122.4,123.8,-5.160
33-333-3,07/17/2013 14:00:00,-0.44,122.9,124.0,-5.819
33-333-3,07/17/2013 13:00:00,-0.47,123.2,124.7,-6.197
33-333-3,07/17/2013 12:00:00,-0.47,123.0,124.0,-6.221
33-333-3,07/17/2013 11:00:00,-0.44,123.4,124.7,-5.910
33-333-3,07/17/2013 10:00:00,-0.39,123.8,124.7,-5.228
33-333-3,07/17/2013 09:00:00,-0.30,123.8,124.5,-4.069
33-333-3,07/17/2013 08:00:00,-0.19,123.6,125.3,-2.549
33-333-3,07/17/2013 07:00:00,-0.04,124.0,124.9,-0.594
33-333-3,07/17/2013 06:00:00,0.00,124.7,125.2,-0.102
33-333-3,07/17/2013 05:00:00,0.00,125.1,125.4,-0.004
33-333-3,07/17/2013 04:00:00,0.00,125.1,125.4,-0.003
33-333-3,07/17/2013 03:00:00,0.00,125.0,125.2,-0.003
33-333-3,07/17/2013 02:00:00,0.00,124.7,125.5,-0.003
33-333-3,07/17/2013 01:00:00,0.00,124.5,125.4,-0.003
33-333-3,07/17/2013 00:00:00,0.00,124.7,125.6,-0.003
33-333-3,07/16/2013 23:00:00,0.00,124.3,125.1,-0.003
33-333-3,07/16/2013 22:00:00,0.00,123.7,125.1,-0.003
33-333-3,07/16/2013 21:00:00,0.00,123.6,124.8,-0.003
33-333-3,07/16/2013 20:00:00,0.00,123.0,124.1,-0.013
33-333-3,07/16/2013 19:00:00,0.00,123.7,125.1,-0.177
33-333-3,07/16/2013 18:00:00,-0.08,124.0,125.1,-1.151
33-333-3,07/16/2013 17:00:00,-0.21,123.8,124.5,-2.843
33-333-3,07/16/2013 16:00:00,-0.31,123.9,124.7,-4.241
33-333-3,07/16/2013 15:00:00,-0.40,123.5,124.9,-5.298
33-333-3,07/16/2013 14:00:00,-0.45,123.8,124.7,-5.985
33-333-3,07/16/2013 13:00:00,-0.47,124.1,124.6,-6.299
33-333-3,07/16/2013 12:00:00,-0.47,123.9,124.6,-6.300
33-333-3,07/16/2013 11:00:00,-0.45,124.3,125.0,-5.953
33-333-3,07/16/2013 10:00:00,-0.39,124.5,125.3,-5.179
33-333-3,07/16/2013 09:00:00,-0.30,123.8,124.6,-4.049
33-333-3,07/16/2013 08:00:00,-0.19,123.6,124.5,-2.575
33-333-3,07/16/2013 07:00:00,-0.04,123.6,124.0,-0.618
33-333-3,07/16/2013 06:00:00,0.00,123.9,124.8,-0.114
33-333-3,07/16/2013 05:00:00,0.00,124.5,124.9,-0.003
33-333-3,07/16/2013 04:00:00,0.00,124.6,124.9,-0.003
33-333-3,07/16/2013 03:00:00,0.00,124.7,124.9,-0.003
33-333-3,07/16/2013 02:00:00,0.00,124.5,125.0,-0.003
33-333-3,07/16/2013 01:00:00,0.00,124.5,125.4,-0.003
33-333-3,07/16/2013 00:00:00,0.00,124.2,125.1,-0.003
33-333-3,07/15/2013 23:00:00,0.00,124.1,125.4,-0.003
33-333-3,07/15/2013 22:00:00,0.00,123.9,125.2,-0.003
33-333-3,07/15/2013 21:00:00,0.00,123.3,124.5,-0.003
33-333-3,07/15/2013 20:00:00,0.00,123.0,124.1,-0.003
33-333-3,07/15/2013 19:00:00,0.00,123.2,125.1,-0.101
33-333-3,07/15/2013 18:00:00,-0.05,122.8,123.8,-0.815
33-333-3,07/15/2013 17:00:00,-0.13,122.6,123.9,-1.883
33-333-3,07/15/2013 16:00:00,-0.14,122.7,124.1,-1.960
33-333-3,07/15/2013 15:00:00,-0.38,123.3,124.6,-5.078
33-333-3,07/15/2013 14:00:00,-0.43,124.5,125.6,-5.720
33-333-3,07/15/2013 13:00:00,-0.09,123.6,125.4,-1.327
33-333-3,07/15/2013 12:00:00,-0.02,123.4,125.1,-0.349
33-333-3,07/15/2013 11:00:00,-0.09,122.7,124.5,-1.320
33-333-3,07/15/2013 10:00:00,-0.23,122.8,124.3,-3.166
33-333-3,07/15/2013 09:00:00,-0.14,123.0,124.1,-1.892
33-333-3,07/15/2013 08:00:00,-0.10,123.6,124.1,-1.391
33-333-3,07/15/2013 07:00:00,-0.01,124.1,124.7,-0.301
33-333-3,07/15/2013 06:00:00,0.00,124.2,124.6,-0.061
33-333-3,07/15/2013 05:00:00,0.00,124.3,124.6,-0.002
33-333-3,07/15/2013 04:00:00,0.00,124.5,124.9,-0.003
33-333-3,07/15/2013 03:00:00,0.00,124.7,125.0,-0.002
33-333-3,07/15/2013 02:00:00,0.00,124.5,124.9,-0.002
33-333-3,07/15/2013 01:00:00,0.00,124.6,125.6,-0.003
33-333-3,07/15/2013 00:00:00,0.00,124.7,125.3,-0.003
33-333-3,07/14/2013 23:00:00,0.00,124.3,125.1,-0.003
33-333-3,07/14/2013 22:00:00,0.00,124.2,125.6,-0.003
33-333-3,07/14/2013 21:00:00,0.00,124.2,124.9,-0.002
33-333-3,07/14/2013 20:00:00,0.00,124.1,125.3,-0.067
33-333-3,07/14/2013 19:00:00,-0.01,123.9,125.0,-0.324
33-333-3,07/14/2013 18:00:00,-0.04,123.1,124.0,-0.692
33-333-3,07/14/2013 17:00:00,-0.06,122.8,123.9,-0.930
33-333-3,07/14/2013 16:00:00,-0.21,122.9,124.2,-2.904
33-333-3,07/14/2013 15:00:00,-0.27,122.4,124.4,-3.652
33-333-3,07/14/2013 14:00:00,-0.31,123.1,125.0,-4.114
33-333-3,07/14/2013 13:00:00,-0.35,123.2,124.7,-4.735
33-333-3,07/14/2013 12:00:00,-0.29,123.5,124.4,-3.872
33-333-3,07/14/2013 11:00:00,-0.25,123.7,124.6,-3.376
33-333-3,07/14/2013 10:00:00,-0.23,123.8,125.1,-3.144
33-333-3,07/14/2013 09:00:00,-0.26,123.6,124.4,-3.533
33-333-3,07/14/2013 08:00:00,-0.16,123.5,124.5,-2.275
33-333-3,07/14/2013 07:00:00,-0.03,123.8,124.7,-0.533
33-333-3,07/14/2013 06:00:00,0.00,124.9,125.3,-0.092
33-333-3,07/14/2013 05:00:00,0.00,124.8,125.4,-0.003
33-333-3,07/14/2013 04:00:00,0.00,124.8,125.0,-0.003
33-333-3,07/14/2013 03:00:00,0.00,124.5,125.0,-0.002
33-333-3,07/14/2013 02:00:00,0.00,124.6,125.7,-0.003
33-333-3,07/14/2013 01:00:00,0.00,125.0,125.5,-0.002
33-333-3,07/14/2013 00:00:00,0.00,123.9,125.1,-0.003
33-333-3,07/13/2013 23:00:00,0.00,123.5,125.1,-0.003
33-333-3,07/13/2013 22:00:00,0.00,124.2,125.0,-0.003
33-333-3,07/13/2013 21:00:00,0.00,123.6,124.6,-0.003
33-333-3,07/13/2013 20:00:00,0.00,123.6,124.4,-0.003
33-333-3,07/13/2013 19:00:00,0.00,124.1,125.2,-0.006
33-333-3,07/13/2013 18:00:00,0.00,124.1,125.1,-0.003
33-333-3,07/13/2013 17:00:00,-0.01,123.8,125.1,-0.224
33-333-3,07/13/2013 16:00:00,-0.17,123.6,124.5,-2.384
33-333-3,07/13/2013 15:00:00,-0.15,121.9,123.8,-2.058
33-333-3,07/13/2013 14:00:00,-0.14,121.9,123.1,-1.998
33-333-3,07/13/2013 13:00:00,-0.44,122.6,124.0,-5.807
33-333-3,07/13/2013 12:00:00,-0.43,122.7,124.0,-5.735
33-333-3,07/13/2013 11:00:00,-0.39,123.2,125.0,-5.145
33-333-3,07/13/2013 10:00:00,-0.35,123.0,125.5,-4.678
33-333-3,07/13/2013 09:00:00,-0.24,123.8,125.4,-3.179
33-333-3,07/13/2013 08:00:00,-0.23,123.5,124.8,-3.112
33-333-3,07/13/2013 07:00:00,-0.07,123.5,124.4,-1.009
33-333-3,07/13/2013 06:00:00,0.00,124.1,124.5,-0.165
33-333-3,07/13/2013 05:00:00,0.00,123.9,124.6,-0.005
33-333-3,07/13/2013 04:00:00,0.00,123.8,125.4,-0.003
33-333-3,07/13/2013 03:00:00,0.00,125.0,125.3,-0.003
33-333-3,07/13/2013 02:00:00,0.00,124.2,125.1,-0.003
33-333-3,07/13/2013 01:00:00,0.00,124.2,125.1,-0.003
33-333-3,07/13/2013 00:00:00,0.00,124.3,125.3,-0.003
33-333-3,07/12/2013 23:00:00,0.00,124.3,125.1,-0.003
33-333-3,07/12/2013 22:00:00,0.00,123.9,125.3,-0.003
33-333-3,07/12/2013 21:00:00,0.00,124.0,124.6,-0.003
33-333-3,07/12/2013 20:00:00,0.00,123.6,125.1,-0.003
33-333-3,07/12/2013 19:00:00,0.00,123.7,125.0,-0.091
33-333-3,07/12/2013 18:00:00,-0.04,123.3,124.3,-0.684
33-333-3,07/12/2013 17:00:00,-0.14,122.7,124.5,-2.008
33-333-3,07/12/2013 16:00:00,-0.20,123.8,124.6,-2.801
33-333-3,07/12/2013 15:00:00,-0.06,122.7,124.7,-0.929
33-333-3,07/12/2013 14:00:00,-0.22,122.1,123.6,-3.009
33-333-3,07/12/2013 13:00:00,-0.43,122.5,123.8,-5.720
33-333-3,07/12/2013 12:00:00,-0.42,122.6,123.9,-5.675
33-333-3,07/12/2013 11:00:00,-0.41,123.5,124.3,-5.423
33-333-3,07/12/2013 10:00:00,-0.36,123.2,125.7,-4.850
33-333-3,07/12/2013 09:00:00,-0.24,122.7,125.3,-3.269
33-333-3,07/12/2013 08:00:00,-0.17,122.7,124.4,-2.352
33-333-3,07/12/2013 07:00:00,-0.04,123.3,124.6,-0.660
33-333-3,07/12/2013 06:00:00,-0.01,124.1,125.3,-0.217
33-333-3,07/12/2013 05:00:00,0.00,124.5,125.1,-0.009
33-333-3,07/12/2013 04:00:00,0.00,124.7,125.1,-0.003
33-333-3,07/12/2013 03:00:00,0.00,124.4,125.5,-0.003
33-333-3,07/12/2013 02:00:00,0.00,124.5,125.3,-0.003
33-333-3,07/12/2013 01:00:00,0.00,124.4,125.4,-0.003
33-333-3,07/12/2013 00:00:00,0.00,124.2,125.3,-0.003
33-333-3,07/11/2013 23:00:00,0.00,124.1,125.2,-0.003
33-333-3,07/11/2013 22:00:00,0.00,122.9,124.6,-0.003
33-333-3,07/11/2013 21:00:00,0.00,123.5,125.1,-0.003
33-333-3,07/11/2013 20:00:00,0.00,122.3,124.2,-0.003
33-333-3,07/11/2013 19:00:00,0.00,123.3,124.3,-0.122
33-333-3,07/11/2013 18:00:00,-0.06,122.6,124.1,-0.861
33-333-3,07/11/2013 17:00:00,-0.19,122.0,123.5,-2.575
33-333-3,07/11/2013 16:00:00,-0.29,122.1,123.7,-3.877
33-333-3,07/11/2013 15:00:00,-0.35,122.2,123.6,-4.688
33-333-3,07/11/2013 14:00:00,-0.22,122.5,123.2,-2.952
33-333-3,07/11/2013 13:00:00,-0.37,122.0,123.9,-4.947
33-333-3,07/11/2013 12:00:00,-0.43,122.5,124.0,-5.764
33-333-3,07/11/2013 11:00:00,-0.40,123.3,124.9,-5.337
33-333-3,07/11/2013 10:00:00,-0.35,123.6,124.8,-4.721
33-333-3,07/11/2013 09:00:00,-0.28,123.2,124.5,-3.788
33-333-3,07/11/2013 08:00:00,-0.17,123.7,124.8,-2.402
33-333-3,07/11/2013 07:00:00,-0.04,123.3,124.3,-0.687
33-333-3,07/11/2013 06:00:00,-0.01,123.4,124.2,-0.229
33-333-3,07/11/2013 05:00:00,0.00,123.6,124.4,-0.007
33-333-3,07/11/2013 04:00:00,0.00,123.6,124.2,-0.003
33-333-3,07/11/2013 03:00:00,0.00,123.8,125.1,-0.003
33-333-3,07/11/2013 02:00:00,0.00,124.7,125.5,-0.003
33-333-3,07/11/2013 01:00:00,0.00,124.7,125.2,-0.003
33-333-3,07/11/2013 00:00:00,0.00,123.7,124.9,-0.003
33-333-3,07/10/2013 23:00:00,0.00,124.1,125.1,-0.003
33-333-3,07/10/2013 22:00:00,0.00,122.5,124.9,-0.004
33-333-3,07/10/2013 21:00:00,0.00,123.9,125.1,-0.003
33-333-3,07/10/2013 20:00:00,0.00,124.0,125.0,-0.024
33-333-3,07/10/2013 19:00:00,-0.01,122.8,124.1,-0.250
33-333-3,07/10/2013 18:00:00,-0.08,122.6,123.7,-1.157
33-333-3,07/10/2013 17:00:00,-0.20,122.5,123.4,-2.693
33-333-3,07/10/2013 16:00:00,-0.28,122.2,123.5,-3.837
33-333-3,07/10/2013 15:00:00,-0.35,122.5,124.4,-4.710
33-333-3,07/10/2013 14:00:00,-0.30,122.8,124.7,-3.993
33-333-3,07/10/2013 13:00:00,-0.02,122.7,124.1,-0.424
33-333-3,07/10/2013 12:00:00,-0.36,122.6,124.3,-4.781
33-333-3,07/10/2013 11:00:00,-0.41,123.1,124.3,-5.456
33-333-3,07/10/2013 10:00:00,-0.36,123.4,124.2,-4.852
33-333-3,07/10/2013 09:00:00,-0.26,123.1,124.5,-3.478
33-333-3,07/10/2013 08:00:00,-0.18,123.5,124.3,-2.484
33-333-3,07/10/2013 07:00:00,-0.05,123.2,124.2,-0.742
33-333-3,07/10/2013 06:00:00,-0.01,123.4,124.1,-0.258
33-333-3,07/10/2013 05:00:00,0.00,124.0,124.2,-0.012
33-333-3,07/10/2013 04:00:00,0.00,124.0,124.4,-0.003
33-333-3,07/10/2013 03:00:00,0.00,124.0,124.4,-0.003
33-333-3,07/10/2013 02:00:00,0.00,124.0,125.4,-0.003
33-333-3,07/10/2013 01:00:00,0.00,124.7,125.2,-0.003
33-333-3,07/10/2013 00:00:00,0.00,124.4,125.3,-0.003
33-333-3,07/09/2013 23:00:00,0.00,123.5,124.5,-0.003
33-333-3,07/09/2013 22:00:00,0.00,123.6,125.1,-0.004
33-333-3,07/09/2013 21:00:00,0.00,123.3,124.8,-0.004
33-333-3,07/09/2013 20:00:00,0.00,122.7,123.8,-0.038
33-333-3,07/09/2013 19:00:00,-0.02,121.9,124.8,-0.360
33-333-3,07/09/2013 18:00:00,-0.03,123.4,124.7,-0.516
33-333-3,07/09/2013 17:00:00,-0.20,122.9,124.3,-2.699
33-333-3,07/09/2013 16:00:00,-0.21,122.8,123.8,-2.874
33-333-3,07/09/2013 15:00:00,-0.23,122.5,123.9,-3.082
33-333-3,07/09/2013 14:00:00,-0.18,122.4,123.5,-2.531
33-333-3,07/09/2013 13:00:00,-0.14,122.6,123.4,-2.008
33-333-3,07/09/2013 12:00:00,-0.29,122.6,123.9,-3.888
33-333-3,07/09/2013 11:00:00,-0.39,122.8,124.3,-5.176
33-333-3,07/09/2013 10:00:00,-0.36,123.5,124.6,-4.829
33-333-3,07/09/2013 09:00:00,-0.29,122.7,124.4,-3.856
33-333-3,07/09/2013 08:00:00,-0.18,122.4,123.7,-2.469
33-333-3,07/09/2013 07:00:00,-0.04,123.1,124.3,-0.673
33-333-3,07/09/2013 06:00:00,0.00,123.8,124.8,-0.155
33-333-3,07/09/2013 05:00:00,0.00,124.6,124.9,-0.008
33-333-3,07/09/2013 04:00:00,0.00,124.6,125.3,-0.003
33-333-3,07/09/2013 03:00:00,0.00,125.0,125.3,-0.003
33-333-3,07/09/2013 02:00:00,0.00,124.4,125.1,-0.003
33-333-3,07/09/2013 01:00:00,0.00,124.4,125.3,-0.003
33-333-3,07/09/2013 00:00:00,0.00,123.9,125.2,-0.003
33-333-3,07/08/2013 23:00:00,0.00,123.0,124.7,-0.003
33-333-3,07/08/2013 22:00:00,0.00,123.4,125.0,-0.010
33-333-3,07/08/2013 21:00:00,0.00,122.6,124.7,-0.003
33-333-3,07/08/2013 20:00:00,0.00,123.0,124.7,-0.022
33-333-3,07/08/2013 19:00:00,-0.01,122.9,123.9,-0.243
33-333-3,07/08/2013 18:00:00,-0.06,122.7,124.2,-0.887
33-333-3,07/08/2013 17:00:00,-0.14,122.6,123.4,-2.018
33-333-3,07/08/2013 16:00:00,-0.27,122.5,123.3,-3.629
33-333-3,07/08/2013 15:00:00,-0.35,122.3,123.9,-4.727
33-333-3,07/08/2013 14:00:00,-0.37,122.6,124.5,-4.987
33-333-3,07/08/2013 13:00:00,-0.41,123.3,124.8,-5.530
33-333-3,07/08/2013 12:00:00,-0.43,123.0,124.0,-5.689
33-333-3,07/08/2013 11:00:00,-0.41,123.6,125.0,-5.459
33-333-3,07/08/2013 10:00:00,-0.36,123.1,125.5,-4.838
33-333-3,07/08/2013 09:00:00,-0.29,123.2,124.9,-3.880
33-333-3,07/08/2013 08:00:00,-0.18,123.5,124.2,-2.507
33-333-3,07/08/2013 07:00:00,-0.04,123.2,124.1,-0.644
33-333-3,07/08/2013 06:00:00,0.00,124.2,124.9,-0.111
33-333-3,07/08/2013 05:00:00,0.00,124.6,125.0,-0.010
33-333-3,07/08/2013 04:00:00,0.00,124.5,125.0,-0.003
33-333-3,07/08/2013 03:00:00,0.00,124.7,125.1,-0.003
33-333-3,07/08/2013 02:00:00,0.00,124.8,125.1,-0.003
33-333-3,07/08/2013 01:00:00,0.00,124.1,125.0,-0.003
33-333-3,07/08/2013 00:00:00,0.00,124.3,125.4,-0.003
33-333-3,07/07/2013 23:00:00,0.00,123.7,125.1,-0.003
33-333-3,07/07/2013 22:00:00,0.00,124.1,125.2,-0.003
33-333-3,07/07/2013 21:00:00,0.00,123.9,124.9,-0.003
33-333-3,07/07/2013 20:00:00,0.00,123.7,124.8,-0.019
33-333-3,07/07/2013 19:00:00,-0.02,122.7,124.2,-0.406
33-333-3,07/07/2013 18:00:00,-0.08,122.3,123.3,-1.183
33-333-3,07/07/2013 17:00:00,-0.21,122.8,124.2,-2.853
33-333-3,07/07/2013 16:00:00,-0.11,123.7,124.7,-1.517
33-333-3,07/07/2013 15:00:00,-0.02,123.4,124.6,-0.442
33-333-3,07/07/2013 14:00:00,-0.07,123.5,124.3,-0.980
33-333-3,07/07/2013 13:00:00,-0.24,122.6,124.3,-3.302
33-333-3,07/07/2013 12:00:00,-0.22,122.7,123.6,-2.992
33-333-3,07/07/2013 11:00:00,-0.38,122.9,124.8,-5.099
33-333-3,07/07/2013 10:00:00,-0.36,124.1,125.4,-4.786
33-333-3,07/07/2013 09:00:00,-0.27,123.5,124.7,-3.691
33-333-3,07/07/2013 08:00:00,-0.17,123.5,124.4,-2.406
33-333-3,07/07/2013 07:00:00,-0.06,124.0,125.1,-0.841
33-333-3,07/07/2013 06:00:00,0.00,125.1,125.5,-0.160
33-333-3,07/07/2013 05:00:00,0.00,125.0,125.7,-0.007
33-333-3,07/07/2013 04:00:00,0.00,125.1,125.5,-0.003
33-333-3,07/07/2013 03:00:00,0.00,124.5,125.3,-0.003
33-333-3,07/07/2013 02:00:00,0.00,124.5,125.1,-0.003
33-333-3,07/07/2013 01:00:00,0.00,124.2,124.6,-0.003
33-333-3,07/07/2013 00:00:00,0.00,124.2,125.4,-0.003
33-333-3,07/06/2013 23:00:00,0.00,124.1,125.1,-0.003
33-333-3,07/06/2013 22:00:00,0.00,123.4,124.8,-0.003
33-333-3,07/06/2013 21:00:00,0.00,123.5,124.9,-0.003
33-333-3,07/06/2013 20:00:00,0.00,123.7,124.5,-0.025
33-333-3,07/06/2013 19:00:00,-0.02,123.4,124.2,-0.355
33-333-3,07/06/2013 18:00:00,-0.10,123.0,123.6,-1.396
33-333-3,07/06/2013 17:00:00,-0.10,123.1,123.9,-1.422
33-333-3,07/06/2013 16:00:00,-0.02,123.3,124.3,-0.416
33-333-3,07/06/2013 15:00:00,-0.10,123.8,124.7,-1.478
33-333-3,07/06/2013 14:00:00,-0.07,122.3,124.3,-1.069
33-333-3,07/06/2013 13:00:00,-0.28,122.4,123.9,-3.730
33-333-3,07/06/2013 12:00:00,-0.38,123.2,124.7,-5.030
33-333-3,07/06/2013 11:00:00,-0.39,122.8,125.4,-5.263
33-333-3,07/06/2013 10:00:00,-0.31,123.6,125.2,-4.181
33-333-3,07/06/2013 09:00:00,-0.24,123.2,124.5,-3.314
33-333-3,07/06/2013 08:00:00,-0.18,123.1,124.6,-2.420
33-333-3,07/06/2013 07:00:00,-0.05,123.4,125.1,-0.751
33-333-3,07/06/2013 06:00:00,0.00,125.1,125.4,-0.170
33-333-3,07/06/2013 05:00:00,0.00,124.8,125.4,-0.007
33-333-3,07/06/2013 04:00:00,0.00,124.7,125.1,-0.003
33-333-3,07/06/2013 03:00:00,0.00,124.4,125.1,-0.003
33-333-3,07/06/2013 02:00:00,0.00,124.4,124.9,-0.003
33-333-3,07/06/2013 01:00:00,0.00,124.1,124.6,-0.003
33-333-3,07/06/2013 00:00:00,0.00,123.9,125.3,-0.003
33-333-3,07/05/2013 23:00:00,0.00,123.3,125.0,-0.003
33-333-3,07/05/2013 22:00:00,0.00,123.6,124.6,-0.003
33-333-3,07/05/2013 21:00:00,0.00,123.4,124.6,-0.003
33-333-3,07/05/2013 20:00:00,0.00,123.0,124.0,-0.017
33-333-3,07/05/2013 19:00:00,0.00,123.1,124.3,-0.156
33-333-3,07/05/2013 18:00:00,-0.05,123.7,125.2,-0.712
33-333-3,07/05/2013 17:00:00,-0.04,123.3,124.8,-0.683
33-333-3,07/05/2013 16:00:00,-0.12,123.7,124.9,-1.702
33-333-3,07/05/2013 15:00:00,-0.10,122.8,124.6,-1.411
33-333-3,07/05/2013 14:00:00,-0.22,122.3,123.6,-3.052
33-333-3,07/05/2013 13:00:00,-0.34,122.6,123.5,-4.548
33-333-3,07/05/2013 12:00:00,-0.39,122.5,123.7,-5.234
33-333-3,07/05/2013 11:00:00,-0.41,123.6,125.1,-5.427
33-333-3,07/05/2013 10:00:00,-0.36,122.7,124.2,-4.774
33-333-3,07/05/2013 09:00:00,-0.29,122.8,124.2,-3.874
33-333-3,07/05/2013 08:00:00,-0.13,123.2,124.5,-1.803
33-333-3,07/05/2013 07:00:00,-0.07,124.3,124.9,-0.981
33-333-3,07/05/2013 06:00:00,0.00,124.5,125.1,-0.081
33-333-3,07/05/2013 05:00:00,0.00,124.8,125.1,-0.007
33-333-3,07/05/2013 04:00:00,0.00,124.8,125.1,-0.003
33-333-3,07/05/2013 03:00:00,0.00,124.7,125.0,-0.003
33-333-3,07/05/2013 02:00:00,0.00,124.3,124.8,-0.003
33-333-3,07/05/2013 01:00:00,0.00,123.6,125.1,-0.003
33-333-3,07/05/2013 00:00:00,0.00,124.6,125.3,-0.004
33-333-3,07/04/2013 23:00:00,0.00,124.1,125.3,-0.003
33-333-3,07/04/2013 22:00:00,0.00,124.0,124.8,-0.003
33-333-3,07/04/2013 21:00:00,0.00,123.6,125.1,-0.003
33-333-3,07/04/2013 20:00:00,0.00,124.5,125.1,-0.020
33-333-3,07/04/2013 19:00:00,-0.01,123.0,124.9,-0.260
33-333-3,07/04/2013 18:00:00,-0.05,123.0,124.0,-0.751
33-333-3,07/04/2013 17:00:00,-0.13,122.6,123.7,-1.871
33-333-3,07/04/2013 16:00:00,-0.23,122.8,123.9,-3.108
33-333-3,07/04/2013 15:00:00,-0.27,123.1,124.2,-3.685
33-333-3,07/04/2013 14:00:00,-0.40,123.7,125.2,-5.315
33-333-3,07/04/2013 13:00:00,-0.43,123.3,124.5,-5.795
33-333-3,07/04/2013 12:00:00,-0.41,122.8,124.6,-5.523
33-333-3,07/04/2013 11:00:00,-0.41,123.5,124.7,-5.446
33-333-3,07/04/2013 10:00:00,-0.36,123.8,124.6,-4.795
33-333-3,07/04/2013 09:00:00,-0.27,123.4,124.4,-3.618
33-333-3,07/04/2013 08:00:00,-0.17,123.7,124.7,-2.300
33-333-3,07/04/2013 07:00:00,-0.05,123.8,124.4,-0.750
33-333-3,07/04/2013 06:00:00,0.00,124.3,124.8,-0.168
33-333-3,07/04/2013 05:00:00,0.00,124.6,125.7,-0.011
33-333-3,07/04/2013 04:00:00,0.00,125.0,125.6,-0.003
33-333-3,07/04/2013 03:00:00,0.00,125.1,125.5,-0.003
33-333-3,07/04/2013 02:00:00,0.00,124.7,125.3,-0.003
33-333-3,07/04/2013 01:00:00,0.00,124.5,125.5,-0.003
33-333-3,07/04/2013 00:00:00,0.00,124.5,125.2,-0.003
33-333-3,07/03/2013 23:00:00,0.00,124.2,125.3,-0.003
33-333-3,07/03/2013 22:00:00,0.00,122.9,125.3,-0.003
33-333-3,07/03/2013 21:00:00,0.00,123.8,124.7,-0.003
33-333-3,07/03/2013 20:00:00,0.00,123.7,125.0,-0.007
33-333-3,07/03/2013 19:00:00,0.00,123.5,125.0,-0.163
33-333-3,07/03/2013 18:00:00,-0.07,122.9,123.7,-1.071
33-333-3,07/03/2013 17:00:00,-0.18,122.4,123.3,-2.450
33-333-3,07/03/2013 16:00:00,-0.29,122.8,123.4,-3.850
33-333-3,07/03/2013 15:00:00,-0.36,123.2,123.9,-4.829
33-333-3,07/03/2013 14:00:00,-0.41,123.4,124.8,-5.464
33-333-3,07/03/2013 13:00:00,-0.38,123.4,124.7,-5.046
33-333-3,07/03/2013 12:00:00,-0.44,124.3,124.9,-5.855
33-333-3,07/03/2013 11:00:00,-0.40,123.8,125.2,-5.350
33-333-3,07/03/2013 10:00:00,-0.36,123.8,125.0,-4.889
33-333-3,07/03/2013 09:00:00,-0.29,123.7,124.5,-3.912
33-333-3,07/03/2013 08:00:00,-0.19,124.0,124.5,-2.564
33-333-3,07/03/2013 07:00:00,-0.04,124.3,124.8,-0.703
33-333-3,07/03/2013 06:00:00,0.00,124.3,125.0,-0.165
33-333-3,07/03/2013 05:00:00,0.00,125.0,125.4,-0.010
33-333-3,07/03/2013 04:00:00,0.00,124.9,125.2,-0.003
33-333-3,07/03/2013 03:00:00,0.00,124.9,125.5,-0.003
33-333-3,07/03/2013 02:00:00,0.00,125.1,125.6,-0.003
33-333-3,07/03/2013 01:00:00,0.00,124.9,125.3,-0.003
33-333-3,07/03/2013 00:00:00,0.00,124.6,125.6,-0.003
33-333-3,07/02/2013 23:00:00,0.00,123.8,124.8,-0.003
33-333-3,07/02/2013 22:00:00,0.00,123.7,124.7,-0.003
33-333-3,07/02/2013 21:00:00,0.00,123.6,125.0,-0.003
33-333-3,07/02/2013 20:00:00,0.00,123.5,124.5,-0.023
33-333-3,07/02/2013 19:00:00,-0.01,123.2,125.1,-0.265
33-333-3,07/02/2013 18:00:00,-0.08,123.9,125.1,-1.128
33-333-3,07/02/2013 17:00:00,-0.20,124.2,124.9,-2.685
33-333-3,07/02/2013 16:00:00,-0.31,123.8,124.3,-4.164
33-333-3,07/02/2013 15:00:00,-0.37,122.7,124.3,-5.004
33-333-3,07/02/2013 14:00:00,-0.41,123.2,125.3,-5.501
33-333-3,07/02/2013 13:00:00,-0.45,123.7,124.8,-5.990
33-333-3,07/02/2013 12:00:00,-0.38,123.5,124.5,-5.047
33-333-3,07/02/2013 11:00:00,-0.40,123.5,124.7,-5.349
33-333-3,07/02/2013 10:00:00,-0.36,123.8,124.7,-4.889
33-333-3,07/02/2013 09:00:00,-0.28,123.0,124.3,-3.782
33-333-3,07/02/2013 08:00:00,-0.18,123.4,124.7,-2.521
33-333-3,07/02/2013 07:00:00,-0.04,124.3,124.8,-0.669
33-333-3,07/02/2013 06:00:00,0.00,124.8,125.3,-0.141
33-333-3,07/02/2013 05:00:00,0.00,125.1,125.5,-0.004
33-333-3,07/02/2013 04:00:00,0.00,125.2,125.4,-0.003
33-333-3,07/02/2013 03:00:00,0.00,125.2,125.5,-0.003
33-333-3,07/02/2013 02:00:00,0.00,125.0,125.4,-0.003
33-333-3,07/02/2013 01:00:00,0.00,124.9,125.6,-0.003
33-333-3,07/02/2013 00:00:00,0.00,124.5,125.1,-0.003
33-333-3,07/01/2013 23:00:00,0.00,124.3,124.9,-0.003
33-333-3,07/01/2013 22:00:00,0.00,124.3,125.2,-0.003
33-333-3,07/01/2013 21:00:00,0.00,124.2,124.9,-0.003
33-333-3,07/01/2013 20:00:00,0.00,124.1,125.2,-0.035
33-333-3,07/01/2013 19:00:00,-0.01,123.8,125.1,-0.274
33-333-3,07/01/2013 18:00:00,-0.08,124.0,124.9,-1.125
33-333-3,07/01/2013 17:00:00,-0.17,124.0,125.0,-2.331
33-333-3,07/01/2013 16:00:00,-0.04,122.8,124.7,-0.652
33-333-3,07/01/2013 15:00:00,-0.34,122.4,123.6,-4.534
33-333-3,07/01/2013 14:00:00,-0.30,123.1,124.4,-4.095
33-333-3,07/01/2013 13:00:00,-0.26,123.3,124.4,-3.450
33-333-3,07/01/2013 12:00:00,-0.35,123.6,124.9,-4.729
33-333-3,07/01/2013 11:00:00,-0.44,123.7,124.3,-5.829
33-333-3,07/01/2013 11:00:00,-0.44,123.7,124.3,-5.829
33-333-3,07/01/2013 10:00:00,-0.33,123.5,124.7,-4.474
33-333-3,07/01/2013 09:00:00,-0.27,123.6,124.4,-3.626
33-333-3,07/01/2013 08:00:00,-0.19,123.5,124.4,-2.548
33-333-3,07/01/2013 07:00:00,-0.04,123.6,124.4,-0.693
33-333-3,07/01/2013 06:00:00,0.00,124.4,125.2,-0.158
33-333-3,07/01/2013 05:00:00,0.00,124.9,125.3,-0.003
33-333-3,07/01/2013 04:00:00,0.00,124.8,125.2,-0.003
33-333-3,07/01/2013 03:00:00,0.00,125.0,125.2,-0.003
33-333-3,07/01/2013 02:00:00,0.00,125.0,125.7,-0.003
33-333-3,07/01/2013 01:00:00,0.00,124.8,125.4,-0.003
